City_ID,City,Country,Lat,Lng,Max Temp,Humidity,Cloudiness,Wind Speed,Current Description
0,Khorinsk,RU,52.1657,109.7726,-0.11,99,100,2.84,overcast clouds
1,Eyl,SO,7.9803,49.8164,75.09,71,100,16.4,overcast clouds
2,Kruisfontein,ZA,-34.0033,24.7314,75.88,58,100,14.34,overcast clouds
3,Bredasdorp,ZA,-34.5322,20.0403,66.27,66,0,3.91,clear sky
4,Igrim,RU,63.1906,64.4162,-10.01,100,72,4.18,broken clouds
5,Hobart,AU,-42.8794,147.3294,53.06,87,5,9.22,clear sky
6,Cape Town,ZA,-33.9258,18.4232,69.1,76,20,1.01,few clouds
7,Torbay,CA,47.6666,-52.7314,15.89,79,75,16.11,broken clouds
8,Mataura,NZ,-46.1927,168.8643,44.47,90,10,0.92,clear sky
9,Annau,TM,37.8876,58.516,33.3,93,40,4.61,scattered clouds
10,Tura,IN,25.5198,90.2201,51.69,81,0,2.89,clear sky
11,Itarema,BR,-2.9248,-39.9167,84.34,65,100,13.89,overcast clouds
12,Jamestown,US,42.097,-79.2353,34.72,30,0,13.8,clear sky
13,Mapiripan,CO,2.8892,-72.1256,89.65,42,100,6.31,overcast clouds
14,Cidreira,BR,-30.1811,-50.2056,81.25,51,0,11.86,clear sky
15,Hermanus,ZA,-34.4187,19.2345,67.89,89,9,8.19,clear sky
16,Saskylakh,RU,71.9167,114.0833,-24.65,100,95,1.61,overcast clouds
17,Merke,KZ,42.8728,73.1786,36.97,97,100,1.1,overcast clouds
18,Tabas,IR,33.5959,56.9244,49.01,34,0,3.58,clear sky
19,Arraial Do Cabo,BR,-22.9661,-42.0278,87.76,65,0,14.97,clear sky
20,Rikitea,PF,-23.1203,-134.9692,79.09,70,2,16.75,clear sky
21,Avarua,CK,-21.2078,-159.775,77.05,88,85,10.36,overcast clouds
22,San Cristobal,VE,7.7669,-72.225,79.99,50,62,4.85,broken clouds
23,Qaanaaq,GL,77.484,-69.3632,-12.6,58,32,8.34,scattered clouds
24,Constitucion,CL,-35.3333,-72.4167,71.74,56,13,9.75,few clouds
25,East London,ZA,-33.0153,27.9116,74.82,82,1,22.03,clear sky
26,Victoria,HK,22.2855,114.1577,62.65,84,100,1.99,overcast clouds
27,Iquique,CL,-20.2208,-70.1431,71.64,66,20,7.31,few clouds
28,Kharan,PK,28.5833,65.4167,60.46,23,33,13.09,scattered clouds
29,Vostok,RU,46.4856,135.8833,-11.09,99,97,3.98,overcast clouds
30,Dikson,RU,73.5069,80.5464,-20.54,99,94,9.64,overcast clouds
31,Ushuaia,AR,-54.8,-68.3,55.81,81,100,8.32,overcast clouds
32,Kyra,RU,49.5776,111.9753,2.52,93,84,4.52,broken clouds
33,Batticaloa,LK,7.7102,81.6924,76.86,79,100,7.61,overcast clouds
34,Castro,BR,-24.7911,-50.0119,77.86,67,29,6.71,moderate rain
35,Vaini,TO,-21.2,-175.2,75.36,94,100,10.36,light rain
36,Thompson,CA,55.7435,-97.8558,-5.15,81,6,6.85,clear sky
37,Veraval,IN,20.9,70.3667,67.21,71,6,9.35,clear sky
38,Lebu,CL,-37.6167,-73.65,66.25,64,0,13.42,clear sky
39,Bambous Virieux,MU,-20.3428,57.7575,79.21,89,40,9.22,scattered clouds
40,Cherskiy,RU,68.75,161.3,-31.16,100,24,1.1,few clouds
41,Busselton,AU,-33.65,115.3333,54.09,53,64,17.92,broken clouds
42,Nikolskoye,RU,59.7035,30.7861,35.87,94,100,12.28,light snow
43,Georgetown,MY,5.4112,100.3354,78.73,92,40,0.0,scattered clouds
44,Kapaa,US,22.0752,-159.319,75.52,80,75,1.99,light rain
45,Salta,AR,-24.7859,-65.4117,62.58,77,92,4.0,overcast clouds
46,Luanda,AO,-8.8368,13.2343,76.46,80,97,14.14,overcast clouds
47,Bluff,NZ,-46.6,168.3333,44.8,78,6,4.79,clear sky
48,Punta Arenas,CL,-53.15,-70.9167,69.91,52,75,16.11,broken clouds
49,Huarmey,PE,-10.0681,-78.1522,75.54,70,24,11.36,few clouds
50,Faanui,PF,-16.4833,-151.75,81.23,75,100,22.88,overcast clouds
51,Hithadhoo,MV,-0.6,73.0833,82.47,73,32,12.55,scattered clouds
52,Luena,AO,-11.7833,19.9167,62.96,82,76,5.32,broken clouds
53,Tuktoyaktuk,CA,69.4541,-133.0374,-23.8,76,75,17.27,light snow
54,Yining,CN,29.0361,114.5636,34.86,99,100,4.16,light snow
55,Tasiilaq,GL,65.6145,-37.6368,23.16,62,100,35.54,overcast clouds
56,New Norfolk,AU,-42.7826,147.0587,52.72,74,4,1.95,clear sky
57,Rawson,AR,-43.3002,-65.1023,75.85,34,7,15.95,clear sky
58,Ternate,ID,0.8,127.4,80.01,80,100,7.9,overcast clouds
59,Atar,MR,20.5169,-13.0499,80.96,8,0,8.86,clear sky
60,Mackay,AU,-21.15,149.2,74.68,66,86,18.95,overcast clouds
61,Coro,VE,11.4045,-69.6734,83.88,63,40,19.82,scattered clouds
62,Saint George,US,37.1041,-113.5841,59.47,23,0,1.99,clear sky
63,Nioro,GM,13.35,-15.75,93.02,8,3,6.73,clear sky
64,Puerto Ayora,EC,-0.7393,-90.3518,82.36,86,58,8.01,broken clouds
65,Tucuman,AR,-26.8241,-65.2226,77.0,61,100,3.44,overcast clouds
66,Roald,NO,62.5833,6.1333,39.99,81,75,12.66,broken clouds
67,Port Alfred,ZA,-33.5906,26.891,75.02,82,47,26.22,scattered clouds
68,Bengkulu,ID,-3.8004,102.2655,76.1,88,100,9.84,overcast clouds
69,Filadelfia,US,39.9523,-75.1638,38.01,46,20,1.99,few clouds
70,Maniitsoq,GL,65.4167,-52.9,3.96,72,100,14.61,overcast clouds
71,Kieta,PG,-6.2167,155.6333,79.36,83,100,7.56,overcast clouds
72,Khatanga,RU,71.9667,102.5,-18.33,98,99,8.61,overcast clouds
73,Mayo,US,38.8876,-76.5119,39.56,37,0,5.99,clear sky
74,Kurchum,KZ,48.5722,83.6542,23.05,47,0,15.43,clear sky
75,Chuy,UY,-33.6971,-53.4616,75.27,39,3,16.82,clear sky
76,Kodiak,US,57.79,-152.4072,36.91,70,0,10.36,clear sky
77,Los Llanos De Aridane,ES,28.6585,-17.9182,64.15,72,40,14.0,scattered clouds
78,Mar Del Plata,AR,-38.0023,-57.5575,68.09,88,75,7.0,mist
79,Yellowknife,CA,62.456,-114.3525,-4.59,87,100,13.8,light snow
80,Collie,AU,-33.3667,116.15,50.99,74,66,8.23,broken clouds
81,Nelson Bay,AU,-32.7167,152.15,71.01,68,76,1.99,broken clouds
82,Conde,BR,-7.2597,-34.9075,85.46,58,0,12.66,clear sky
83,Chicama,PE,-7.8447,-79.1469,70.34,57,95,11.68,overcast clouds
84,Grand Gaube,MU,-20.0064,57.6608,79.38,80,91,4.0,overcast clouds
85,Butaritari,KI,3.0707,172.7902,81.39,77,34,15.23,light rain
86,Prince Rupert,CA,54.3161,-130.3201,46.49,76,100,21.85,overcast clouds
87,Sao Joao Da Barra,BR,-21.6403,-41.0511,86.09,81,1,18.86,clear sky
88,Port Elizabeth,ZA,-33.918,25.5701,78.1,83,0,14.97,clear sky
89,Vao,NC,-22.6667,167.4833,79.95,84,84,1.05,broken clouds
90,Idrinskoye,RU,54.3708,92.1358,0.7,97,100,2.35,overcast clouds
91,Port Shepstone,ZA,-30.7414,30.455,74.25,84,39,14.85,scattered clouds
92,Gari,RU,59.4307,62.3497,11.23,96,100,6.6,overcast clouds
93,Marawi,PH,7.9986,124.2928,64.65,91,25,1.86,scattered clouds
94,Altay,CN,47.8667,88.1167,8.44,46,10,10.09,clear sky
95,Sept-Iles,CA,50.2001,-66.3821,5.43,59,40,7.0,scattered clouds
96,Kaitangata,NZ,-46.2817,169.8464,47.93,75,10,1.45,clear sky
97,Bathsheba,BB,13.2167,-59.5167,83.01,65,40,18.41,scattered clouds
98,Stephenville,US,32.2207,-98.2023,53.94,36,0,5.75,clear sky
99,Norman Wells,CA,65.282,-126.8329,-14.76,70,75,16.11,broken clouds
100,Saint-Philippe,RE,-21.3585,55.7679,78.39,80,99,15.5,overcast clouds
101,Tonantins,BR,-2.8731,-67.8022,81.68,79,86,3.11,overcast clouds
102,Hamilton,US,39.1834,-84.5333,40.14,58,0,3.0,clear sky
103,Merrill,US,45.1805,-89.6835,26.37,81,100,5.75,overcast clouds
104,Usuki,JP,33.1081,131.7878,34.38,72,12,5.99,few clouds
105,Hilo,US,19.7297,-155.09,71.26,91,100,5.75,heavy intensity rain
106,Iracoubo,GF,5.4802,-53.2011,81.03,77,100,8.7,overcast clouds
107,Alofi,NU,-19.0595,-169.9187,75.09,94,100,11.5,overcast clouds
108,Touros,BR,-5.1989,-35.4608,86.9,63,1,13.51,clear sky
109,Pafos,CY,34.7667,32.4167,53.51,87,75,6.91,broken clouds
110,Yanam,IN,16.7333,82.2167,68.88,80,73,2.68,broken clouds
111,Ratnagiri,IN,16.9833,73.3,71.08,79,74,4.94,broken clouds
112,La Rioja,ES,42.25,-2.5,42.04,72,14,5.23,few clouds
113,East Wenatchee Bench,US,47.4257,-120.2812,38.37,93,100,4.61,fog
114,Albany,US,42.6001,-73.9662,27.82,51,13,1.99,few clouds
115,Birkeland,NO,58.3309,8.2323,31.55,80,0,3.44,clear sky
116,Qasigiannguit,GL,68.8193,-51.1922,1.65,99,100,5.39,overcast clouds
117,Rocha,UY,-34.4833,-54.3333,71.35,44,0,19.66,clear sky
118,Cap Malheureux,MU,-19.9842,57.6142,79.47,80,84,4.0,broken clouds
119,Jalu,LY,29.0331,21.5482,60.94,28,6,4.76,clear sky
120,Morondava,MG,-20.2833,44.2833,80.8,83,100,18.86,moderate rain
121,Kavieng,PG,-2.5744,150.7967,81.16,77,82,3.47,broken clouds
122,Yaring,TH,6.8662,101.3689,76.42,86,99,9.75,overcast clouds
123,Sterlitamak,RU,53.6246,55.9502,9.46,97,100,1.39,overcast clouds
124,Tazovskiy,RU,67.4667,78.7,-22.97,100,98,3.36,overcast clouds
125,Bethel,US,41.3712,-73.414,29.71,56,0,9.22,clear sky
126,Nantucket,US,41.2835,-70.0995,33.91,60,0,6.91,clear sky
127,Vila Franca Do Campo,PT,37.7167,-25.4333,63.19,86,63,12.8,broken clouds
128,Iqaluit,CA,63.7506,-68.5145,-32.31,66,20,1.99,few clouds
129,Aginskoye,RU,51.1,114.53,11.03,86,61,12.12,broken clouds
130,Ribeira Grande,PT,38.5167,-28.7,63.0,77,75,9.22,broken clouds
131,Half Moon Bay,US,37.4636,-122.4286,66.07,56,0,11.5,clear sky
132,Ancud,CL,-41.8697,-73.8203,75.22,66,10,6.38,clear sky
133,Labrea,BR,-7.2586,-64.7981,87.35,62,37,2.98,moderate rain
134,Geraldton,AU,-28.7667,114.6,70.21,56,100,12.66,overcast clouds
135,Marsh Harbour,BS,26.5412,-77.0636,75.02,71,47,13.62,scattered clouds
136,Anadyr,RU,64.75,177.4833,-17.9,83,0,11.18,clear sky
137,Podyuga,RU,61.095,40.8647,8.64,96,100,6.06,overcast clouds
138,Singleton,AU,-32.5667,151.1833,62.46,96,33,2.82,scattered clouds
139,Mount Gambier,AU,-37.8333,140.7667,59.36,63,0,5.23,clear sky
140,Benicarlo,ES,40.4165,0.4271,52.9,68,73,6.44,broken clouds
141,Athabasca,CA,54.7169,-113.2854,42.62,78,0,14.41,clear sky
142,Henties Bay,NA,-22.116,14.2845,69.85,80,79,9.53,broken clouds
143,Codrington,AU,-38.2667,141.9667,57.51,77,0,9.08,clear sky
144,San Felipe,VE,10.3399,-68.7425,85.35,51,79,7.7,broken clouds
145,Simao,CN,22.7886,100.9748,47.55,95,0,2.26,clear sky
146,Manaus,BR,-3.1019,-60.025,82.89,83,75,4.61,broken clouds
147,Fuengirola,ES,36.54,-4.6247,59.85,91,75,4.61,broken clouds
148,Tomatlan,MX,19.9333,-105.25,90.9,27,22,7.81,few clouds
149,Atuona,PF,-9.8,-139.0333,78.78,72,0,19.04,clear sky
150,Kaduqli,SD,11.0167,29.7167,72.09,14,4,10.42,clear sky
151,Mao,ES,39.8885,4.2658,45.16,93,20,2.3,few clouds
152,Cabinda,AO,-5.55,12.2,77.49,87,53,7.2,light rain
153,Black River,JM,18.0264,-77.8487,82.98,44,3,7.49,clear sky
154,Banjar,ID,-8.19,114.9675,78.66,92,99,2.64,overcast clouds
155,Northam,GB,51.0333,-4.2167,49.62,82,30,29.46,scattered clouds
156,Talnakh,RU,69.4865,88.3972,-26.18,98,52,2.53,broken clouds
157,Salinas,US,36.6777,-121.6555,67.21,46,0,0.0,clear sky
158,Paka,MY,4.6374,103.4368,76.93,100,100,4.61,overcast clouds
159,Bontang,ID,0.1333,117.5,76.69,87,100,8.75,overcast clouds
160,Hami,CN,42.8,93.45,26.6,32,17,12.95,few clouds
161,Salalah,OM,17.0151,54.0924,75.29,78,0,3.44,clear sky
162,Barrow,US,71.2906,-156.7887,-23.78,69,20,13.8,haze
163,Belyy Yar,RU,53.6039,91.3903,-4.11,84,100,4.47,fog
164,Hasaki,JP,35.7333,140.8333,25.2,43,0,24.02,clear sky
165,Arman,RU,59.7,150.1667,2.01,71,4,10.98,clear sky
166,Lompoc,US,34.6391,-120.4579,74.57,38,0,3.44,clear sky
167,Nizhniy Kuranakh,RU,58.8353,125.4869,-23.12,99,19,2.28,few clouds
168,Ballater,GB,57.0493,-3.0402,35.69,82,9,18.45,clear sky
169,Sao Filipe,CV,14.8961,-24.4956,73.81,71,0,10.89,clear sky
170,Cabo San Lucas,MX,22.8909,-109.9124,76.6,64,20,5.99,few clouds
171,Longyearbyen,SJ,78.2186,15.6401,19.24,63,20,12.66,few clouds
172,Padang,ID,-0.9492,100.3543,77.04,75,100,3.47,light rain
173,Dymer,UA,50.7865,30.3026,36.36,85,100,11.79,overcast clouds
174,Ponta Do Sol,PT,32.6667,-17.1,63.12,52,6,10.54,clear sky
175,Chapala,MX,20.3,-103.2,74.66,29,0,2.82,clear sky
176,Isangel,VU,-19.55,169.2667,77.11,94,100,0.0,light rain
177,Kurilsk,RU,45.2333,147.8833,23.92,81,75,6.64,broken clouds
178,Teya,RU,60.3778,92.6267,10.31,97,100,1.19,light snow
179,Plettenberg Bay,ZA,-34.0527,23.3716,74.48,64,94,5.57,overcast clouds
180,Macapa,BR,0.0389,-51.0664,85.98,70,75,6.91,broken clouds
181,Mangochi,MW,-14.4782,35.2645,70.75,89,11,2.93,light rain
182,Clyde River,CA,70.4692,-68.5914,-32.57,68,0,8.05,clear sky
183,Nuevitas,CU,21.5453,-77.2644,85.44,46,0,13.71,clear sky
184,Lavrentiya,RU,65.5833,-171.0,-12.37,93,5,6.89,clear sky
185,Benguela,AO,-12.5763,13.4055,76.89,68,100,4.52,overcast clouds
186,Mezen,RU,65.8522,44.24,16.74,92,100,11.1,overcast clouds
187,Ahipara,NZ,-35.1667,173.1667,72.84,98,100,6.71,overcast clouds
188,Inta,RU,66.0317,60.1659,-1.93,91,51,5.3,broken clouds
189,Port Hardy,CA,50.6996,-127.4199,46.76,76,100,17.27,overcast clouds
190,Namibe,AO,-15.1961,12.1522,75.06,69,100,13.47,overcast clouds
191,Neftcala,AZ,39.3742,49.2472,45.03,76,48,13.58,scattered clouds
192,Yulara,AU,-25.2406,130.9889,67.84,45,0,4.61,clear sky
193,Calama,CL,-22.4667,-68.9333,77.49,9,0,20.71,clear sky
194,Koygorodok,RU,60.445,50.9968,17.85,96,98,5.66,overcast clouds
195,Laguna,US,38.421,-121.4238,67.01,59,0,1.01,clear sky
196,Fort-Shevchenko,KZ,44.5086,50.263,36.59,65,99,9.46,overcast clouds
197,Hofn,IS,64.2539,-15.2082,27.0,67,0,16.11,clear sky
198,Arroyo,ES,41.6096,-4.7969,46.08,59,0,1.14,clear sky
199,Kahului,US,20.8947,-156.47,76.84,74,20,14.97,few clouds
200,Buarcos,PT,40.166,-8.8768,54.55,78,3,11.3,clear sky
201,Saint-Louis,SN,16.3333,-15.0,87.64,7,0,9.82,clear sky
202,Shingu,JP,33.7333,135.9833,38.91,73,33,6.02,scattered clouds
203,Santander,ES,43.4647,-3.8044,47.82,57,0,3.44,clear sky
204,Culpeper,US,38.5004,-77.9664,39.11,50,0,3.0,clear sky
205,Usinsk,RU,65.9939,57.5281,-11.25,99,11,5.77,few clouds
206,Luderitz,NA,-26.6481,15.1594,68.31,75,11,4.7,few clouds
207,Fenoarivo,MG,-18.933,47.4354,68.07,88,75,8.05,broken clouds
208,Umm Lajj,SA,25.0213,37.2685,67.28,49,0,19.57,clear sky
209,Kalmunai,LK,7.4167,81.8167,75.9,81,100,7.29,overcast clouds
210,Namwala,ZM,-15.7504,26.4384,66.29,94,100,5.08,overcast clouds
211,Barranca,PE,-10.75,-77.7667,74.3,66,100,10.58,overcast clouds
212,Sisimiut,GL,66.9395,-53.6735,0.61,95,100,10.74,overcast clouds
213,Zary,PL,51.6421,15.1373,41.05,90,100,13.0,overcast clouds
214,Locri,IT,38.2414,16.2623,58.15,88,100,3.47,overcast clouds
215,Wanning,CN,18.8003,110.3967,70.02,91,97,5.57,overcast clouds
216,Deep River,CA,46.1001,-77.4995,23.43,92,100,9.86,light snow
217,Acapulco,MX,16.8634,-99.8901,85.82,58,0,6.91,clear sky
218,Osmena,PH,10.5208,119.9258,79.43,81,95,21.59,overcast clouds
219,Provideniya,RU,64.3833,-173.3,-5.57,84,2,4.03,clear sky
220,Boa Vista,BR,2.8197,-60.6733,89.58,48,75,6.91,broken clouds
221,Benavente,ES,42.0025,-5.6783,44.98,49,96,2.15,overcast clouds
222,Nuuk,GL,64.1835,-51.7216,5.61,78,75,21.85,broken clouds
223,Weihe,CN,32.9952,105.3247,28.18,90,97,2.24,overcast clouds
224,Bustamante,MX,26.5333,-100.5,60.8,27,0,3.74,clear sky
225,Katsuura,JP,35.1333,140.3,35.71,46,84,9.53,broken clouds
226,Derzhavinsk,KZ,51.1,66.3167,12.99,84,100,9.84,overcast clouds
227,Arlit,NE,18.7369,7.3853,68.68,9,0,5.28,clear sky
228,Oriximina,BR,-1.7656,-55.8661,82.02,74,100,1.7,light rain
229,Yaan,NG,7.3833,8.5667,86.07,13,4,3.47,clear sky
230,Hobyo,SO,5.3505,48.5268,76.73,69,65,15.39,broken clouds
231,Along,IN,28.1667,94.7667,48.25,96,54,0.6,broken clouds
232,Waipawa,NZ,-41.4122,175.5153,57.83,78,100,11.56,overcast clouds
233,Santa Maria,BR,-29.6842,-53.8069,86.11,24,5,12.97,clear sky
234,Sawakin,SD,19.1059,37.3321,70.95,61,0,9.75,clear sky
235,Davila,PH,18.4726,120.5763,73.99,85,100,16.35,overcast clouds
236,Nome,US,64.5011,-165.4064,-0.33,55,0,5.75,clear sky
237,Muroran,JP,42.3172,140.9881,26.26,74,93,16.42,overcast clouds
238,Ilanskiy,RU,56.2358,96.065,3.92,96,100,3.31,overcast clouds
239,Muros,ES,42.7762,-9.0603,52.84,71,47,10.63,scattered clouds
240,Batagay-Alyta,RU,67.8006,130.4114,-24.63,99,100,2.48,overcast clouds
241,Alta Floresta,BR,-9.8756,-56.0861,87.62,66,75,4.61,broken clouds
242,Esperance,AU,-33.8667,121.9,63.19,71,100,23.47,overcast clouds
243,Keti Bandar,PK,24.1447,67.4497,70.38,66,0,11.27,clear sky
244,Baghdad,IQ,33.3406,44.4009,48.11,53,0,3.44,clear sky
245,Witbank,ZA,-25.8713,29.2332,62.98,64,76,13.35,broken clouds
246,Mvuma,ZW,-19.2792,30.5283,63.43,79,15,10.31,few clouds
247,Gobabis,NA,-22.45,18.9667,71.87,57,48,6.71,scattered clouds
248,Pangnirtung,CA,66.1451,-65.7125,-31.0,68,75,0.0,broken clouds
249,Iglesias,IT,39.3114,8.535,51.22,85,3,6.58,clear sky
250,Yeppoon,AU,-23.1333,150.7333,67.78,76,10,13.24,clear sky
251,The Valley,AI,18.217,-63.0578,77.14,73,75,14.97,broken clouds
252,Sibu,MY,2.3,111.8167,73.71,100,40,1.14,scattered clouds
253,Fortuna,US,40.5982,-124.1573,61.93,61,0,5.75,clear sky
254,Flinders,AU,-34.5833,150.8552,66.79,84,77,10.0,light rain
255,Santo Amaro Da Imperatriz,BR,-27.6881,-48.7786,85.64,69,12,5.73,few clouds
256,Port Pirie,AU,-33.1833,138.0167,76.46,34,4,14.27,clear sky
257,Valley,US,45.1277,-116.1262,18.21,85,9,3.76,clear sky
258,Lodwar,KE,3.1191,35.5973,89.96,22,100,1.97,overcast clouds
259,Honiara,SB,-9.4333,159.95,78.49,88,100,3.51,overcast clouds
260,Coihaique,CL,-45.5752,-72.0662,82.35,34,20,6.91,few clouds
261,Caravelas,BR,-17.7125,-39.2481,83.34,65,7,10.25,clear sky
262,Teguldet,RU,57.3064,88.1667,11.48,92,100,4.83,overcast clouds
263,Ozinki,RU,51.1786,49.6769,19.29,95,100,7.67,overcast clouds
264,Taltal,CL,-25.4,-70.4833,71.62,62,24,5.68,few clouds
265,Zyryanka,RU,65.75,150.85,-37.41,100,29,1.88,scattered clouds
266,Maningrida,AU,-12.0667,134.2667,75.99,83,41,1.99,scattered clouds
267,Souillac,MU,-20.5167,57.5167,79.36,89,40,9.22,scattered clouds
268,Camocim,BR,-2.9022,-40.8411,83.97,69,43,14.85,light rain
269,Pemangkat,ID,1.1667,108.9667,77.2,91,96,5.39,overcast clouds
270,Komsomolskiy,UZ,40.4272,71.7189,39.92,87,75,4.61,broken clouds
271,Masingbi,SL,8.7833,-11.95,87.19,26,5,3.71,clear sky
272,Chokurdakh,RU,70.6333,147.9167,-39.37,100,87,2.51,overcast clouds
273,Lerwick,GB,60.1545,-1.1494,39.2,59,42,30.09,scattered clouds
274,Elizabeth City,US,36.2946,-76.2511,44.02,71,100,1.01,overcast clouds
275,Paamiut,GL,61.994,-49.6678,6.69,76,100,11.52,overcast clouds
276,Vila Velha,BR,-20.3297,-40.2925,82.35,82,40,7.0,scattered clouds
277,Avera,US,33.194,-82.5271,50.68,44,100,9.4,overcast clouds
278,Talaya,RU,61.3833,152.75,-35.82,88,9,1.86,clear sky
279,Joshimath,IN,30.5667,79.5667,43.63,70,100,2.84,overcast clouds
280,Beloha,MG,-25.1667,45.05,74.12,94,100,19.26,moderate rain
281,Shakawe,BW,-18.3667,21.85,69.91,75,90,4.59,overcast clouds
282,Pisco,PE,-13.7,-76.2167,72.01,88,20,9.22,mist
283,Meulaboh,ID,4.1363,96.1285,76.14,90,100,6.53,overcast clouds
284,Boysun,UZ,38.2061,67.1986,33.01,95,93,4.59,overcast clouds
285,Marsa Matruh,EG,31.3525,27.2453,59.04,61,2,8.23,clear sky
286,Amapa,BR,1.0,-52.0,73.02,99,100,4.07,overcast clouds
287,Lucapa,AO,-8.4192,20.7447,66.4,94,84,3.06,light rain
288,Bonthe,SL,7.5264,-12.505,80.64,75,36,10.45,scattered clouds
289,Kargopol,RU,61.5071,38.9456,12.51,93,99,8.05,overcast clouds
290,Freeport,US,40.6576,-73.5832,32.99,63,0,5.01,clear sky
291,Haines Junction,CA,60.7522,-137.5108,29.03,92,100,7.07,overcast clouds
292,Korla,CN,41.7597,86.1469,23.95,46,8,5.08,clear sky
293,Leningradskiy,RU,69.3833,178.4167,-22.76,98,28,6.62,scattered clouds
294,Emba,KZ,48.8264,58.1442,17.37,95,100,10.85,overcast clouds
295,Redcliffe,AU,-27.2307,153.0973,66.97,82,0,6.91,clear sky
296,Shieli,KZ,44.1667,66.75,32.16,86,100,18.05,overcast clouds
297,Copacabana,CO,6.3463,-75.5089,80.94,41,40,6.91,scattered clouds
298,Upernavik,GL,72.7868,-56.1549,-12.98,97,100,6.58,overcast clouds
299,Tondano,ID,1.3038,124.9112,68.09,95,100,1.7,overcast clouds
300,Ambulu,ID,-8.345,113.6058,75.69,93,100,3.13,overcast clouds
301,Pevek,RU,69.7008,170.3133,-24.34,99,33,1.05,scattered clouds
302,Madera,US,37.1666,-119.8343,71.15,45,0,4.14,clear sky
303,Tammisaari,FI,59.9736,23.4339,35.29,96,76,8.75,broken clouds
304,Westport,US,41.1415,-73.3579,31.86,59,0,1.99,clear sky
305,Te Anau,NZ,-45.4167,167.7167,41.56,88,15,1.14,few clouds
306,Palmer,US,42.1584,-72.3287,29.28,39,40,3.0,scattered clouds
307,Koslan,RU,63.4564,48.8989,15.4,94,100,8.55,overcast clouds
308,Carnarvon,AU,-24.8667,113.6333,73.58,66,39,23.8,scattered clouds
309,Kindu,CD,-2.95,25.95,75.16,79,100,0.63,overcast clouds
310,Nemuro,JP,43.3236,145.575,24.96,74,97,16.84,overcast clouds
311,Hovd,MN,48.0056,91.6419,-13.88,75,12,3.2,few clouds
312,Xiaoweizhai,CN,26.1903,107.5125,39.07,97,100,3.94,overcast clouds
313,Adrar,MR,20.5022,-10.0711,73.11,8,0,9.17,clear sky
314,Itaituba,BR,-4.2761,-55.9836,89.76,66,20,5.75,few clouds
315,Semnan,IR,35.5729,53.3971,39.43,52,4,3.44,clear sky
316,Port Keats,AU,-14.25,129.55,78.17,86,100,6.67,overcast clouds
317,Nouadhibou,MR,20.931,-17.0347,67.98,88,5,14.97,clear sky
318,Hanstholm,DK,57.1167,8.6167,34.63,68,67,22.32,light snow
319,Mugur-Aksy,RU,50.35,90.5,-8.21,48,0,6.71,clear sky
320,Husavik,IS,66.0449,-17.3389,24.71,77,100,8.23,overcast clouds
321,Mastic Beach,US,40.7668,-72.8521,32.09,67,20,1.01,few clouds
322,Vardo,NO,70.3705,31.1107,26.58,74,75,17.27,broken clouds
323,Taylorville,US,39.5489,-89.2945,37.0,69,0,11.5,clear sky
324,Cayenne,GF,4.9333,-52.3333,82.09,84,75,5.01,light rain
325,Pailon,BO,-17.65,-62.75,91.08,93,100,2.84,overcast clouds
326,North Bend,US,43.4065,-124.2243,59.16,77,0,8.05,clear sky
327,San Anselmo,US,37.9747,-122.5616,63.32,61,0,5.75,clear sky
328,Harper,LR,4.375,-7.7169,80.11,80,100,10.74,overcast clouds
329,Le Pradet,FR,43.1066,6.0172,55.65,44,0,14.97,clear sky
330,Svobodnyy,RU,51.4,128.1333,-12.89,98,100,1.16,overcast clouds
331,La Llave,MX,20.4667,-99.9972,69.91,25,6,4.36,clear sky
332,Tuatapere,NZ,-46.1333,167.6833,43.83,84,5,3.0,clear sky
333,Chokwe,MZ,-24.5333,32.9833,74.88,80,10,10.29,clear sky
334,Kasongo-Lunda,CD,-6.4667,16.8167,70.16,98,100,2.71,moderate rain
335,Gouyave,GD,12.1646,-61.7296,83.17,74,40,16.11,scattered clouds
336,Walvis Bay,NA,-22.9575,14.5053,72.55,78,100,6.91,overcast clouds
337,Tiksi,RU,71.6872,128.8694,-14.96,98,100,3.71,overcast clouds
338,Chimore,BO,-16.9833,-65.1333,71.11,99,100,0.74,overcast clouds
339,Igarka,RU,67.4667,86.5833,-14.39,100,86,7.36,overcast clouds
340,Buraydah,SA,26.326,43.975,55.92,37,0,5.55,clear sky
341,Airai,TL,-8.9266,125.4092,60.82,89,92,1.16,overcast clouds
342,Lagoa,PT,39.05,-27.9833,60.19,85,16,12.15,few clouds
343,Atikokan,CA,48.7555,-91.6216,13.82,82,100,7.25,overcast clouds
344,Tarakan,ID,3.3,117.6333,77.29,85,100,6.98,overcast clouds
345,Atchison,US,39.563,-95.1216,50.23,59,14,13.04,few clouds
346,Colombo,LK,6.9319,79.8478,74.68,75,96,8.84,overcast clouds
347,Lasa,IT,46.6166,10.7002,40.46,67,100,4.97,overcast clouds
348,Broken Hill,AU,-31.95,141.4333,70.09,40,3,13.4,clear sky
349,Tautira,PF,-17.7333,-149.15,86.02,76,61,21.32,light rain
350,Djenne,ML,13.9061,-4.5533,80.69,8,0,8.21,clear sky
351,Kavaratti,IN,10.5669,72.642,78.3,68,62,10.71,broken clouds
352,Loandjili,CG,-4.7561,11.8578,78.31,85,100,5.21,overcast clouds
353,Hay River,CA,60.8156,-115.7999,21.18,86,100,13.8,snow
354,Totness,SR,5.8833,-56.3167,81.99,71,92,11.18,overcast clouds
355,Dali,CN,25.7,100.1833,36.09,90,14,4.83,few clouds
356,Bud,US,39.447,-86.1758,38.75,56,0,6.93,clear sky
357,Khash,IR,28.2211,61.2158,50.27,34,40,6.76,scattered clouds
358,Felanitx,ES,39.4696,3.1483,51.96,84,3,1.68,clear sky
359,Ostrovnoy,RU,68.0531,39.5131,13.96,86,98,22.37,overcast clouds
360,Lingyuan,CN,41.24,119.4011,16.92,59,5,2.91,clear sky
361,Kailua,US,21.4022,-157.7394,78.78,76,75,11.5,broken clouds
362,Romny,UA,50.751,33.4747,31.82,90,100,11.92,overcast clouds
363,Pizarro,CO,4.9533,-77.366,81.37,69,50,6.13,scattered clouds
364,Severo-Kurilsk,RU,50.6789,156.125,29.68,83,100,14.97,overcast clouds
365,Amsterdam,NL,52.374,4.8897,42.91,84,40,8.99,scattered clouds
366,San Patricio,US,28.017,-97.5169,64.38,60,6,5.26,clear sky
367,Sidi Ali,DZ,36.0998,0.4206,52.05,84,0,11.54,clear sky
368,Lata,PT,40.1629,-8.3327,52.81,61,1,3.94,clear sky
369,Makakilo City,US,21.3469,-158.0858,77.32,72,0,3.44,light rain
370,Narsaq,GL,60.9167,-46.05,7.02,72,100,1.16,overcast clouds
371,Beringovskiy,RU,63.05,179.3167,-18.35,98,46,7.49,scattered clouds
372,Maracas,BR,-13.4411,-40.4308,75.27,66,98,1.14,overcast clouds
373,Kabompo,ZM,-13.5927,24.2008,65.48,96,100,2.3,light rain
374,Klaksvik,FO,62.2266,-6.589,36.52,59,81,35.88,broken clouds
375,Mosquera,CO,4.7059,-74.2302,66.29,59,75,14.97,broken clouds
376,Carbonia,IT,39.1672,8.5222,52.45,82,4,8.88,clear sky
377,Dalbandin,PK,28.8947,64.4101,57.42,24,4,8.77,clear sky
378,Pangai,TO,-19.8,-174.35,79.16,79,100,23.96,light rain
379,Ewa Beach,US,21.3156,-158.0072,78.75,72,0,8.01,light rain
380,Broome,US,42.2506,-75.833,30.02,63,0,5.01,clear sky
381,Zirandaro,MX,18.45,-100.9833,95.32,22,68,1.19,broken clouds
382,Paine,CL,-33.8167,-70.75,94.5,13,0,8.9,clear sky
383,Najran,SA,17.4924,44.1277,60.28,42,9,4.32,clear sky
384,Kapoeta,SS,4.7717,33.5903,83.7,22,100,5.28,overcast clouds
385,Albertville,US,34.2676,-86.2089,51.42,49,0,4.0,clear sky
386,Saldanha,ZA,-33.0117,17.9442,63.9,95,38,8.63,scattered clouds
387,Nouakchott,MR,18.0858,-15.9785,75.13,54,6,12.66,clear sky
388,Angoche,MZ,-16.2325,39.9086,77.22,87,100,8.84,light rain
389,Lamu,KE,-2.2717,40.902,79.02,87,100,15.46,overcast clouds
390,Shakhovskaya,RU,56.0283,35.5097,23.02,96,85,7.45,overcast clouds
391,Margate,GB,51.3813,1.3862,47.97,65,60,11.99,broken clouds
392,Sirjan,IR,29.452,55.6814,45.88,31,0,2.55,clear sky
393,Bam,IR,29.106,58.357,51.3,31,0,3.11,clear sky
394,Bezhetsk,RU,57.7851,36.6965,16.52,96,90,7.23,overcast clouds
395,Ilebo,CD,-4.3167,20.5833,75.56,80,100,0.38,overcast clouds
396,Manta,EC,-0.95,-80.7333,78.66,78,98,8.1,light rain
397,Guasdualito,VE,7.2424,-70.7324,91.4,40,20,6.91,few clouds
398,Manggar,ID,-2.8833,108.2667,78.93,86,100,9.06,overcast clouds
399,Argentan,FR,48.75,-0.0167,50.72,89,100,23.13,overcast clouds
400,Hualmay,PE,-11.0964,-77.6139,74.75,68,70,10.58,broken clouds
401,Yar-Sale,RU,66.8333,70.8333,-12.24,100,88,7.63,overcast clouds
402,Mapastepec,MX,15.4333,-92.9,92.91,32,22,10.69,few clouds
403,Praxedis Guerrero,MX,31.3667,-106.0167,53.42,28,3,9.95,clear sky
404,Perigueux,FR,45.1833,0.7167,49.41,89,100,11.79,overcast clouds
405,Saint-Denis,FR,48.9167,2.3333,51.96,92,75,5.01,broken clouds
406,Cestas,FR,44.7435,-0.6791,51.73,85,100,5.99,overcast clouds
407,Bubaque,GW,11.2833,-15.8333,77.77,71,1,15.82,clear sky
408,Lokachi,UA,50.737,24.6494,34.75,86,100,16.44,overcast clouds
409,Carutapera,BR,-1.195,-46.02,80.4,83,100,6.8,moderate rain
410,Srinivaspur,IN,13.3333,78.2167,69.01,94,100,11.1,overcast clouds
411,Copiapo,CL,-27.3667,-70.3333,73.09,31,0,11.5,clear sky
412,Washington,US,47.5001,-120.5015,51.04,82,100,2.59,overcast clouds
413,Barra Do Corda,BR,-5.5,-45.25,84.27,80,99,2.46,light rain
414,Fairbanks,US,64.8378,-147.7164,-1.7,78,100,0.0,light snow
415,Iberia,US,29.9502,-91.7507,55.96,35,0,3.44,clear sky
416,Atambua,ID,-9.1061,124.8925,74.55,85,45,1.39,scattered clouds
417,Evensk,RU,61.95,159.2333,1.26,67,0,9.06,clear sky
418,Xapuri,BR,-10.6517,-68.5044,82.62,83,98,2.57,overcast clouds
419,Hambantota,LK,6.1241,81.1185,75.22,74,97,11.05,overcast clouds
420,Neiafu,TO,-18.65,-173.9833,79.48,94,100,4.61,light rain
421,Mahebourg,MU,-20.4081,57.7,79.25,89,40,9.22,scattered clouds
422,Tiarei,PF,-17.5333,-149.3333,86.02,76,52,21.85,light rain
423,Padilla,CO,3.2204,-76.3139,81.97,70,79,1.86,broken clouds
424,Portoferraio,IT,42.8115,10.3146,56.08,87,20,8.05,few clouds
425,Odweyne,SO,9.4092,45.064,66.31,64,100,9.75,overcast clouds
426,Santa Luzia,BR,-19.7697,-43.8514,77.14,81,75,4.61,broken clouds
427,Oum Hadjer,TD,13.2954,19.6966,75.0,13,0,9.55,clear sky
428,Deputatskiy,RU,69.3,139.9,-34.47,98,88,5.23,overcast clouds
429,Ust-Nera,RU,64.5667,143.2,-24.47,79,4,3.02,clear sky
430,Aksarka,RU,66.5606,67.7975,-17.27,100,87,6.53,overcast clouds
431,Thanh Hoa,VN,19.8,105.7667,61.16,82,100,0.98,overcast clouds
432,Marzuq,YE,14.4,46.4667,65.86,32,100,1.74,overcast clouds
433,Bumba,CD,2.1833,22.4667,75.6,38,22,3.06,few clouds
434,Lingao,CN,19.9103,109.6859,66.67,92,99,10.31,overcast clouds
435,Alyangula,AU,-13.8483,136.4192,79.5,83,97,5.68,overcast clouds
436,Poum,NC,-20.2333,164.0167,80.08,83,100,9.98,overcast clouds
437,Roebourne,AU,-20.7833,117.1333,83.64,80,5,5.26,clear sky
438,Ilulissat,GL,69.2167,-51.1,1.42,60,100,5.75,overcast clouds
439,Susanville,US,40.4163,-120.653,44.91,49,0,4.0,clear sky
440,Bilibino,RU,68.0546,166.4372,-17.84,77,2,4.25,clear sky
441,Katsina,NG,12.9894,7.6006,70.25,14,0,9.95,clear sky
442,Natal,BR,-5.795,-35.2094,86.65,62,0,13.8,clear sky
443,Acarau,BR,-2.8856,-40.12,84.52,65,100,15.73,overcast clouds
444,Maneadero,MX,31.7167,-116.5667,73.18,51,0,1.01,clear sky
445,Balkhash,KZ,46.844,74.9804,11.71,86,100,10.25,overcast clouds
446,Waingapu,ID,-9.6567,120.2641,78.94,85,97,4.72,overcast clouds
447,Camacha,PT,33.0833,-16.3333,59.54,63,40,17.27,scattered clouds
448,Gravelbourg,CA,49.8834,-106.5512,32.27,82,100,9.55,overcast clouds
449,Kutum,SD,14.2,24.6667,57.52,16,38,12.1,scattered clouds
450,Olafsvik,IS,64.8945,-23.7142,28.08,70,100,16.98,overcast clouds
451,Puerto Escondido,MX,15.85,-97.0667,86.83,70,0,11.5,clear sky
452,Mayskiy,RU,47.6931,40.1025,29.61,79,100,10.4,overcast clouds
453,Krasnovishersk,RU,60.4078,57.082,10.94,91,100,4.16,overcast clouds
454,Dabat,ET,12.9842,37.765,53.51,48,0,3.8,clear sky
455,Nanortalik,GL,60.1432,-45.2371,15.22,67,100,20.65,overcast clouds
456,Pandan,PH,14.0453,124.1694,76.6,87,100,15.05,overcast clouds
457,Shelburne,CA,44.0787,-80.2041,28.67,75,88,18.59,overcast clouds
458,Malanje,AO,-9.5402,16.341,66.58,70,100,5.55,overcast clouds
459,Morehead,US,37.2711,-87.1764,43.95,56,0,4.0,clear sky
460,Kupang,ID,-10.1667,123.5833,78.84,85,36,7.2,scattered clouds
461,Sur,OM,22.5667,59.5289,71.17,71,0,6.67,clear sky
462,Saint Stephen,GB,50.3333,-4.9,50.27,81,40,29.93,scattered clouds
463,Muroto,JP,33.2833,134.15,40.28,55,22,9.75,few clouds
464,Gao,ML,16.6362,1.637,71.13,10,0,10.6,clear sky
465,Lipany,SK,49.1538,20.9638,39.0,75,100,11.9,overcast clouds
466,Praia Da Vitoria,PT,38.7333,-27.0667,59.76,100,75,16.06,light intensity drizzle
467,Buchanan,LR,5.8808,-10.0467,80.56,78,10,9.91,clear sky
468,Bandarbeyla,SO,9.4942,50.8122,75.87,72,100,14.9,overcast clouds
469,Menongue,AO,-14.6585,17.691,59.92,88,100,4.68,overcast clouds
470,Naze,JP,28.3667,129.4833,51.8,63,100,6.98,overcast clouds
471,Lima,PE,-12.0432,-77.0282,75.38,77,0,1.99,clear sky
472,Waupun,US,43.6333,-88.7296,37.98,95,85,10.65,overcast clouds
473,Cienfuegos,CU,22.1461,-80.4356,83.21,57,40,8.05,scattered clouds
474,Marquette,US,46.5333,-87.6335,23.34,77,100,6.73,light snow
475,Fernley,US,39.608,-119.2518,52.41,32,0,4.25,clear sky
476,Vetlanda,SE,57.4289,15.0776,33.67,94,100,6.31,overcast clouds
477,West Wendover,US,40.7391,-114.0733,37.33,44,0,2.86,clear sky
478,Tual,ID,-5.6667,132.75,82.83,76,100,6.46,overcast clouds
479,Noumea,NC,-22.2763,166.4572,75.18,90,97,3.6,overcast clouds
480,Kikwit,CD,-5.041,18.8162,73.4,90,100,0.43,overcast clouds
481,Cockburn Town,TC,21.4612,-71.1419,75.69,67,2,14.7,clear sky
482,Kuytun,RU,54.3419,101.5036,9.91,96,99,2.13,overcast clouds
483,Zenzeli,RU,45.9241,47.0474,31.23,95,49,8.99,snow
484,Isiro,CD,2.7739,27.616,69.22,34,88,1.3,overcast clouds
485,Gwanda,ZW,-20.9333,29.0,70.65,61,100,13.76,overcast clouds
486,Atagay,RU,55.1033,99.3875,10.44,97,100,3.38,overcast clouds
487,Andenes,NO,69.3143,16.1194,33.78,69,40,12.66,scattered clouds
488,Merauke,ID,-8.4667,140.3333,80.06,84,100,8.32,overcast clouds
489,Kinablangan,PH,7.6947,126.5503,77.11,84,80,6.76,broken clouds
490,Port Lincoln,AU,-34.7333,135.8667,70.99,69,0,12.59,clear sky
491,Amahai,ID,-3.3333,128.9167,77.99,84,79,4.5,broken clouds
492,Montlucon,FR,46.3333,2.6,47.68,96,100,8.99,overcast clouds
493,Flic En Flac,MU,-20.2742,57.3631,79.52,83,100,11.3,overcast clouds
494,Pacific Grove,US,36.6177,-121.9166,67.3,50,0,4.0,clear sky
495,Parakai,NZ,-36.65,174.4333,69.13,98,100,13.09,overcast clouds
496,Presidencia Roque Saenz Pena,AR,-26.7852,-60.4388,87.03,26,0,9.19,clear sky
497,Xiamen,CN,24.4798,118.0819,55.45,71,75,6.71,light rain
498,Kapiri Mposhi,ZM,-13.9652,28.6809,63.0,99,100,3.83,light rain
499,Araouane,ML,18.9048,-3.5265,71.33,9,0,8.61,clear sky
500,Pangody,RU,65.85,74.4859,-20.45,100,68,3.58,broken clouds
501,Diu,IN,20.7141,70.9822,65.01,70,6,9.71,clear sky
502,Vestmanna,FO,62.1564,-7.1664,34.72,60,75,29.93,broken clouds
503,Palasa,IN,18.7667,84.4167,65.77,67,94,3.53,overcast clouds
504,Ararangua,BR,-28.9347,-49.4858,87.85,60,33,9.93,scattered clouds
505,Banyo,CM,6.75,11.8167,72.63,25,5,1.88,clear sky
506,Juegang,CN,32.3174,121.1855,40.91,76,100,8.61,light rain
507,Salur,IN,18.5333,83.2167,65.39,76,89,2.08,overcast clouds
508,Uni,RU,57.7535,51.4923,20.44,96,100,6.24,snow
509,Kushmurun,KZ,52.4503,64.6311,7.99,86,100,6.98,overcast clouds
510,Dembi Dolo,ET,8.5333,34.8,66.18,35,100,3.29,overcast clouds
511,Yatou,CN,37.15,122.3833,28.11,58,100,3.29,overcast clouds
512,Ballina,AU,-28.8667,153.5667,63.79,98,99,15.73,overcast clouds
513,Novobirilyussy,RU,56.9514,90.6661,12.47,91,100,5.41,overcast clouds
514,Bhag,PK,29.0415,67.8239,64.83,25,4,1.81,clear sky
515,Yerbogachen,RU,61.2767,108.0108,-7.11,100,100,1.95,overcast clouds
516,Durusu,TR,41.3053,28.6767,44.78,83,0,5.99,clear sky
517,Cranbrook,CA,49.4999,-115.7688,34.66,69,40,4.61,scattered clouds
518,Port Augusta,AU,-32.5,137.7667,76.23,32,1,12.28,clear sky
519,Liverpool,GB,53.4106,-2.9779,43.72,76,40,11.99,scattered clouds
520,Jardim,BR,-21.4803,-56.1381,87.55,44,87,10.92,overcast clouds
521,Bahia Blanca,AR,-38.7196,-62.2724,70.92,51,6,11.52,clear sky
522,Halifax,CA,44.6453,-63.5724,20.21,71,1,1.99,clear sky
523,Ndioum,SN,16.5129,-14.6471,88.84,7,0,8.14,clear sky
524,Saint-Francois,FR,46.4154,3.9054,47.64,71,100,12.66,overcast clouds
525,Baykit,RU,61.67,96.37,-6.41,100,100,2.53,overcast clouds
526,Ventersburg,ZA,-28.0856,27.1381,66.18,70,100,8.05,overcast clouds
527,Grosbous,LU,49.8278,5.9672,45.91,81,100,5.99,overcast clouds
528,Dudinka,RU,69.4058,86.1778,-33.32,100,16,4.41,few clouds
529,Nava,MX,28.4167,-100.7667,54.99,37,0,5.28,clear sky
530,Leh,IN,34.1667,77.5833,11.52,87,96,3.89,overcast clouds
531,Mirabad,AF,30.4362,61.8383,55.29,28,0,7.47,clear sky
532,Hot Springs,US,34.5037,-93.0552,48.31,45,0,1.99,clear sky
533,Kaplice,CZ,48.7385,14.4963,41.36,95,100,20.85,light rain
534,Mormugao,IN,15.4,73.8,74.16,79,100,9.17,overcast clouds
535,Urumqi,CN,43.801,87.6005,-1.25,85,5,2.24,mist
536,Bacolod,PH,10.6667,122.95,75.18,83,94,10.49,overcast clouds
537,Pombia,IT,45.653,8.6336,44.47,87,100,4.61,fog
538,Troitsko-Pechorsk,RU,62.7084,56.1964,13.57,88,100,8.66,overcast clouds
539,Tselinnoye,RU,53.0833,85.6667,0.14,100,33,0.76,scattered clouds
540,Necochea,AR,-38.5473,-58.7368,64.04,72,98,19.73,overcast clouds
541,Bucerias,MX,20.75,-105.3333,76.98,69,20,12.66,few clouds
542,Seoul,KR,37.5683,126.9778,17.04,79,0,2.3,clear sky
543,Alice Springs,AU,-23.7,133.8833,58.55,94,0,6.91,clear sky
544,Saint-Georges,GD,12.0564,-61.7485,83.88,74,40,16.11,scattered clouds
545,Dengzhou,CN,37.8086,120.7508,30.31,56,100,6.62,overcast clouds
546,Fort Nelson,CA,58.8053,-122.7002,34.59,81,100,3.78,overcast clouds
547,Colomi,BO,-17.35,-65.8667,50.07,89,100,4.85,overcast clouds
548,Mehamn,NO,71.0357,27.8492,18.64,89,30,14.83,scattered clouds
549,Chiredzi,ZW,-21.05,31.6667,78.55,49,100,6.69,overcast clouds
550,Milverton,CA,43.5668,-80.9164,29.39,67,43,11.01,scattered clouds
551,Villa Maria,AR,-32.4075,-63.2402,81.1,17,0,11.99,clear sky
552,Yermakovskoye,RU,53.2831,92.4003,-5.82,98,100,1.01,overcast clouds
553,Mangrol,IN,21.1167,70.1167,67.12,70,6,9.57,clear sky
554,Mamlyutka,KZ,54.9375,68.5394,1.56,84,25,8.14,scattered clouds
555,Sitka,US,57.0531,-135.33,44.49,81,100,23.02,moderate rain
556,Irbeyskoye,RU,55.6428,95.4522,4.59,98,100,3.2,overcast clouds
557,Gonzales,US,30.2385,-90.9201,58.1,38,0,0.0,clear sky
558,Daru,PG,-9.0763,143.2092,77.92,88,100,6.49,overcast clouds
559,Yorkton,CA,51.2167,-102.4677,-0.56,65,0,9.22,clear sky
560,Namatanai,PG,-3.6667,152.4333,79.36,79,19,3.33,few clouds
561,Allanton,GB,55.7833,-2.2167,37.08,85,0,23.98,clear sky
562,Russell,US,32.3502,-85.1999,56.48,51,44,6.64,scattered clouds
563,Gat,IL,31.61,34.7642,54.91,83,0,5.59,clear sky
564,Port Blair,IN,11.6667,92.75,78.66,81,12,9.93,few clouds
565,Puerto Ayacucho,VE,5.6639,-67.6236,94.78,38,82,2.95,broken clouds
566,Japura,ID,-0.3167,102.35,72.54,97,100,2.48,overcast clouds
567,Wahiawa,US,21.5028,-158.0236,75.52,82,75,0.0,light rain
568,Matara,LK,5.9485,80.5353,75.6,79,82,2.57,broken clouds
569,Blagoyevo,RU,63.3667,47.9167,16.95,93,100,7.94,overcast clouds
570,Zabol,AF,32.25,67.25,37.24,48,0,11.97,clear sky
571,Qazvin,IR,36.2797,50.0049,29.82,69,0,2.3,clear sky
572,Kandi,BJ,11.1342,2.9386,81.48,15,0,5.39,clear sky
573,Wynyard,AU,-41.0,145.7167,57.97,82,28,10.16,scattered clouds
574,Ugoofaaru,MV,5.6667,73.0,81.19,67,68,10.2,broken clouds
575,Khandyga,RU,62.6667,135.6,-39.08,99,100,2.35,overcast clouds
576,Indramayu,ID,-6.3264,108.32,78.4,86,100,12.82,overcast clouds
577,Shu,KZ,43.5983,73.7614,37.38,95,100,6.42,light rain
578,Guayaramerin,BO,-10.8368,-65.3614,89.65,55,75,2.3,light rain
579,Aswan,EG,24.0934,32.907,60.76,28,0,10.11,clear sky
580,Acari,PE,-15.4311,-74.6158,82.42,52,100,10.67,overcast clouds
581,Wasilla,US,61.5814,-149.4394,27.39,88,40,0.0,scattered clouds
582,Guiyang,CN,26.5833,106.7167,34.29,93,100,4.47,light rain
583,Tilichiki,RU,60.4667,166.1,-13.94,84,10,9.22,clear sky
584,Aransas Pass,US,27.9095,-97.15,62.69,76,0,7.0,clear sky
585,Mbekenyera,TZ,-10.0,38.9833,72.46,93,68,2.77,broken clouds
586,Soroti,UG,1.7146,33.6111,75.83,32,83,6.69,broken clouds
587,Whitehorse,CA,60.7161,-135.0538,32.77,86,75,14.97,broken clouds
588,Chakwal,PK,32.9334,72.8585,49.75,54,75,3.83,broken clouds
589,Oranjemund,NA,-28.55,16.4333,67.06,71,52,8.1,broken clouds
590,La Ronge,CA,55.1001,-105.2842,3.45,78,100,10.36,overcast clouds
591,Guanica,PR,17.9716,-66.908,82.44,76,98,11.99,overcast clouds
592,Taunggyi,MM,20.7833,97.0333,48.33,69,92,3.74,overcast clouds
593,Kemijarvi,FI,66.7131,27.4306,17.82,94,100,10.89,light snow
594,Jacksonville,US,30.3322,-81.6556,51.91,89,100,4.0,mist
595,Guerrero Negro,MX,27.9769,-114.0611,66.49,26,0,4.5,clear sky
596,Luwuk,ID,-0.9516,122.7875,76.73,83,100,3.69,overcast clouds
597,Comodoro Rivadavia,AR,-45.8667,-67.5,76.86,33,0,12.66,clear sky
598,Sri Aman,MY,1.2376,111.4621,75.25,94,100,1.14,moderate rain
599,Ekhabi,RU,53.5102,142.9671,0.99,93,100,22.08,overcast clouds
600,Preobrazheniye,RU,42.9019,133.9064,10.56,67,8,8.52,clear sky
601,Belaya Gora,RU,68.5333,146.4167,-42.79,100,69,0.92,broken clouds
602,Swindon,GB,51.558,-1.7812,45.97,83,20,7.0,few clouds
603,Bridlington,GB,54.0831,-0.1919,41.18,70,59,29.37,broken clouds
604,Mudgee,AU,-32.5943,149.5871,59.05,88,75,4.61,broken clouds
605,Trinidad,BO,-14.8333,-64.9,82.38,78,75,4.61,broken clouds
606,Talara,PE,-4.5772,-81.2719,83.16,54,0,16.11,clear sky
607,Noyabrsk,RU,63.1994,75.4507,-12.1,100,73,8.63,broken clouds
608,Beyneu,KZ,45.3167,55.2,28.31,79,21,6.4,few clouds
609,Khorixas,NA,-20.3667,14.9667,75.79,49,95,14.54,overcast clouds
610,Casablanca,MA,33.5928,-7.6192,60.33,79,0,5.99,clear sky
611,Talant,FR,47.3369,5.0089,44.42,93,100,17.27,light intensity drizzle
612,Sal Rei,CV,16.1833,-22.9167,72.16,73,75,17.27,broken clouds
613,Vanimo,PG,-2.6741,141.3028,77.63,87,100,5.12,overcast clouds
614,Tashtagol,RU,52.7657,87.8894,2.32,97,50,2.8,scattered clouds
615,Kytmanovo,RU,53.4593,85.4479,-2.9,98,41,0.16,scattered clouds
616,Rio Gallegos,AR,-51.6226,-69.2181,78.85,31,75,19.57,broken clouds
617,Darhan,MN,49.4867,105.9228,-3.82,92,23,5.82,few clouds
618,Buta,CD,2.7858,24.73,73.87,30,29,2.75,scattered clouds
619,Sabratah,LY,32.7933,12.4885,59.11,80,95,11.92,overcast clouds
620,Petropavlovsk-Kamchatskiy,RU,53.0452,158.6483,27.19,74,75,17.9,light shower snow
621,Tatsuno,JP,34.8667,134.55,35.19,66,9,7.07,clear sky
622,Blind River,CA,46.1834,-82.9582,28.51,87,100,10.69,overcast clouds
623,Mandalgovi,MN,45.7625,106.2708,4.59,67,0,5.84,clear sky
624,Fairlie,GB,55.756,-4.8556,38.01,89,20,10.0,few clouds
625,Dingle,PH,10.9995,122.6711,73.38,89,63,8.48,broken clouds
626,Asau,RO,46.4333,26.4,41.4,69,100,6.15,overcast clouds
627,Mugan,CN,35.9404,101.3842,14.79,54,0,1.83,clear sky
628,Foki,RU,56.693,54.3499,10.24,98,100,2.33,overcast clouds
629,Nanakuli,US,21.3906,-158.1547,78.75,71,0,3.44,light rain
630,Galveston,US,29.3669,-94.9669,59.22,68,0,12.66,clear sky
631,Gamba,GA,-2.65,10.0,77.59,84,64,5.5,broken clouds
632,Laagri,EE,59.3508,24.6142,33.8,93,100,9.22,overcast clouds
633,Riyadh,SA,24.6877,46.7219,53.74,39,0,8.23,clear sky
634,Grindavik,IS,63.8424,-22.4338,27.07,74,100,9.22,overcast clouds
635,Paita,PE,-5.0892,-81.1144,82.96,66,54,15.08,broken clouds
636,Presque Isle,US,46.6811,-68.0159,13.28,57,100,6.4,overcast clouds
637,Darab,IR,28.7519,54.5444,50.77,41,0,1.5,clear sky
638,Koping,SE,59.514,15.9926,36.05,86,63,6.91,broken clouds
639,Christchurch,NZ,-43.5333,172.6333,56.32,88,100,3.44,overcast clouds
640,Maxixe,MZ,-23.8597,35.3472,77.2,76,17,13.56,few clouds
641,Fare,PF,-16.7,-151.0167,81.45,74,100,20.42,overcast clouds
642,Byron Bay,AU,-28.65,153.6167,66.87,76,100,15.01,light rain
643,Chincha Alta,PE,-13.4099,-76.1323,70.75,65,45,9.22,scattered clouds
644,Savinka,RU,50.0785,47.0994,1.89,99,93,5.26,overcast clouds
645,Normandin,CA,48.8333,-72.5321,3.51,78,100,10.36,overcast clouds
646,Linqiong,CN,30.4159,103.4609,37.22,91,100,1.79,overcast clouds
647,Ayagoz,KZ,47.9714,80.4392,-7.04,95,4,3.53,clear sky
648,Goderich,CA,43.7501,-81.7165,29.91,74,100,14.97,overcast clouds
649,Yangjiang,CN,21.85,111.9667,59.95,84,95,8.08,overcast clouds
650,Menzelinsk,RU,55.7271,53.1026,24.04,100,100,2.13,overcast clouds
651,Bambanglipuro,ID,-7.95,110.2833,75.99,88,100,4.68,overcast clouds
652,Port Hedland,AU,-20.3167,118.5667,82.45,94,100,5.75,overcast clouds
653,Valparaiso,CL,-33.0393,-71.6273,69.44,79,75,6.91,broken clouds
654,Hirara,JP,24.8,125.2833,64.53,65,43,17.36,scattered clouds
655,Pacifica,US,37.6138,-122.4869,65.57,60,0,5.99,clear sky
656,Jonesboro,US,35.8423,-90.7043,40.68,57,0,5.01,clear sky
657,Huautla,MX,21.0333,-98.2833,63.55,55,0,5.12,clear sky
658,Nadym,RU,65.5333,72.5167,-20.6,100,41,5.61,scattered clouds
